ticker,price,divYield,pe,pb,debtEquity,rule_div,rule_pe,rule_pb,rule_de,passes
ARI,6.28,0.71656,7.9494,0.6557,0.296,True,True,True,True,True
COHN,9.58,0.38622,0.9886,0.3423,0.7122,True,True,True,True,True
TDS,35.2,0.29574,8.2824,0.7795,0.2416,True,True,True,True,True
HRZN,4.62,0.23593,11.5877,0.719,0.9639,True,True,True,True,True
HTFC,25.09,0.23593,11.5877,0.719,0.9639,True,True,True,True,True
SUNS,6.28,0.19108,6.4742,0.4603,0.7789,True,True,True,True,True
REFI,9.93,0.18933,7.1439,0.6993,0.4658,True,True,True,True,True
OTF,9.75,0.1641,7.5,0.596,0.9493,True,True,True,True,True
IIPR,51.0,0.14902,11.3082,0.7834,0.3289,True,True,True,True,True
LIEN,9.45,0.14392,6.7986,0.0007,0.0893,True,True,True,True,True
FDUS,19.36,0.13998,9.2632,0.995,0.3901,True,True,True,True,True
LOAN,3.75,0.12,8.967,0.9968,0.4511,True,True,True,True,True
MSIF,12.03,0.1197,5.6215,0.7347,0.883,True,True,True,True,True
MRP,25.2,0.11944,8.7805,0.715,0.4236,True,True,True,True,True
CRWS,2.49,0.10843,5.3411,0.6662,0.4821,True,True,True,True,True
PRT,1.92,0.10814,8.1702,0.8635,0.0,True,True,True,True,True
GLAD,19.41,0.10716,9.0701,0.8263,0.81,True,True,True,True,True
RNP,18.52,0.088121,7.7815,0.8436,0.4271,True,True,True,True,True
DCBG,25.88,0.087017,10.9661,0.7683,0.0,True,True,True,True,True
VICI,22.73,0.07963,8.8101,0.8495,0.6117,True,True,True,True,True
FITB-PA,21.32,0.070356,7.2027,0.5636,0.6451,True,True,True,True,True
ELC,18.77,0.064932,4.7399,0.6902,0.2468,True,True,True,True,True
XRN,34.39,0.062227,8.7954,0.6928,0.9695,True,True,True,True,True
GAIN,15.74,0.060991,3.7656,0.9691,0.8825,True,True,True,True,True
CTVA,12.57,0.057279,8.3245,0.3349,0.1938,True,True,True,True,True
GBLI,24.64,0.05683,10.4386,0.4978,0.0109,True,True,True,True,True
HNNA,10.39,0.056545,9.8952,0.8118,0.0042,True,True,True,True,True
ORMP,4.48,0.055804,1.0591,0.5791,0.0023,True,True,True,True,True
LKQ,22.78,0.052678,12.6556,0.8996,0.8241,True,True,True,True,True
SD,13.56,0.051622,6.0,0.9222,0.0,True,True,True,True,True
SHOE,12.69,0.050433,9.3309,0.5161,0.5364,True,True,True,True,True
LCNB,18.79,0.046833,10.8613,0.948,0.37,True,True,True,True,True
FMNB,15.15,0.045545,10.5208,0.8672,0.5809,True,True,True,True,True
FGN,23.8,0.045496,7.3267,0.62,0.4858,True,True,True,True,True
FG,21.98,0.045496,7.3267,0.62,0.4858,True,True,True,True,True
LNC,39.73,0.045306,3.3108,0.6752,0.6049,True,True,True,True,True
MFIN,11.92,0.043624,8.5143,0.6804,0.852,True,True,True,True,True
